{"loss": [1.5390243530273438, 0.48856258392333984, 0.29916295409202576, 0.20836085081100464, 0.1578805297613144, 0.12134142220020294, 0.10182008892297745, 0.08206556737422943, 0.07842730730772018, 0.06518252193927765], "accuracy": [0.5471085906028748, 0.8455793261528015, 0.9046874046325684, 0.9328970909118652, 0.9489579796791077, 0.9607084393501282, 0.9665836691856384, 0.9732128977775574, 0.974791944026947, 0.978988528251648], "val_loss": [0.6036308407783508, 0.3624548017978668, 0.26305869221687317, 0.34838220477104187, 0.16189661622047424, 0.15437403321266174, 0.13048630952835083, 0.12919747829437256, 0.11951353400945663, 0.12038126587867737], "val_accuracy": [0.8090143203735352, 0.8837924003601074, 0.9143523573875427, 0.8964830636978149, 0.9490097761154175, 0.9545299410820007, 0.9609606266021729, 0.959936261177063, 0.9643182158470154, 0.9661393165588379]}