{"loss": [1.3535205125808716, 0.42169061303138733, 0.25542160868644714, 0.1776171624660492, 0.1296694278717041, 0.1060013473033905, 0.08745626360177994, 0.07367600500583649, 0.06224538013339043, 0.0554274246096611], "accuracy": [0.6002134084701538, 0.865623414516449, 0.9176897406578064, 0.9414609670639038, 0.9579628705978394, 0.9642221927642822, 0.9711644053459167, 0.9757735133171082, 0.9797282814979553, 0.982146680355072], "val_loss": [0.6521961688995361, 0.3157212734222412, 0.22203941643238068, 0.15191742777824402, 0.12557508051395416, 0.14619411528110504, 0.13668207824230194, 0.10066774487495422, 0.11718191206455231, 0.14412498474121094], "val_accuracy": [0.797404944896698, 0.8984179496765137, 0.9252788424491882, 0.9512861371040344, 0.9591395258903503, 0.9551559090614319, 0.9588549733161926, 0.9694969058036804, 0.9660823941230774, 0.958285927772522]}